Workbook

Sheet 🛡️ Risk Register
A1: BLAISE KINGKO — GRC INTELLIGENCE & RISK REGISTER
A2: Sources: CISA KEV | US-CERT | NIST NVD | AWS/Azure Bulletins | AI Governance Updates | Frameworks: NIST CSF 2.0 | ISO 27001 | NIST 800-53 | CIS Controls | NIST AI RMF | ISO 42001 | EU AI Act | Last Updated: 2026-05-29
A3: RISK ID | B3: DATE IDENTIFIED | C3: SOURCE | D3: CVE / ADVISORY ID | E3: THREAT / VULN | F3: THREAT CATEGORY | G3: AFFECTED ASSET | H3: AFFECTED SYSTEM | I3: FRAMEWORK MAPPING | J3: CONTROL FAMILY | K3: LIKELIHOOD (1-5) | L3: IMPACT (1-5) | M3: RISK SCORE | N3: RISK RATING | O3: INHERENT RISK | P3: CURRENT CONTROLS | Q3: RESIDUAL RISK | R3: REMEDIATION | S3: CIS CONTROL REF | T3: OWNER | U3: STATUS | V3: DUE DATE | W3: LAST UPDATED | X3: NOTES
A5: RR-001 | B5: 2026-05-29 | C5: CISA KEV | D5: CVE-2024-21887 | E5: Ivanti Connect Secure — Command Injection vulnerability actively exploited in the wild | F5: IT — Network | G5: VPN / Remote Access | H5: Ivanti Connect Secure | I5: NIST CSF 2.0: PR.PS-04, DE.CM-01 | NIST 800-53: SI-2, RA-5 | ISO 27001: A.12.6.1 | CIS Control 7 | J5: SI — System Integrity | K5: 5 | L5: 5 | M5: =K5*L5 | N5: Critical | O5: Critical | P5: Patch management process in place; WAF deployed | Q5: High | R5: Apply vendor patch immediately; isolate affected systems pending patch | S5: CIS Control 7.4 — Manage Operating System Vulnerabilities | T5: Blaise Kingko | U5: Open | V5: 2026-06-04 | W5: 2026-05-29 | X5: Actively exploited per CISA KEV. Patch available. Escalate to CISO immediately.
A6: RR-002 | B6: 2026-05-29 | C6: NIST NVD | D6: CVE-2025-0282 | E6: Ivanti Policy Secure — Stack-based buffer overflow enabling unauthenticated RCE | F6: IT — Application | G6: Policy Management Platform | H6: Ivanti Policy Secure | I6: NIST CSF 2.0: PR.PS-04, RS.MI-02 | NIST 800-53: SI-3, SC-39 | ISO 27001: A.14.2.2 | CIS Control 2 | J6: SC — System & Comms Protection | K6: 4 | L6: 5 | M6: =K6*L6 | N6: Critical | O6: Critical | P6: Network segmentation partially implemented | Q6: High | R6: Emergency patch deployment; conduct IOC sweep; review authentication logs | S6: CIS Control 2.2 — Ensure Software is Supported by Vendor | T6: Blaise Kingko | U6: Mitigating | V6: 2026-06-07 | W6: 2026-05-29 | X6: RCE vector. Pre-auth. Requires immediate patch cycle bypass for emergency deployment.
A7: RR-003 | B7: 2026-05-29 | C7: AWS Security Bulletin | D7: AWS-2025-001 | E7: AWS IAM confused deputy issue in cross-account role assumption — potential privilege escalation | F7: Cloud — IAM | G7: AWS Multi-Account Environment | H7: AWS IAM / STS | I7: NIST CSF 2.0: PR.AA-05 | NIST 800-53: AC-6, AC-2 | ISO 27001: A.9.2.3 | CIS Control 5 | J7: AC — Access Control | K7: 3 | L7: 4 | M7: =K7*L7 | N7: High | O7: High | P7: SCPs deployed; least-privilege IAM model in place across 500+ accounts | Q7: Medium | R7: Audit all cross-account trust relationships; enforce ExternalId conditions on all assume-role policies | S7: CIS Control 5.4 — Restrict Administrator Privileges | T7: Blaise Kingko | U7: Mitigating | V7: 2026-06-14 | W7: 2026-05-29 | X7: Leverage existing IAM governance model. SCP guardrails reduce blast radius significantly.
A8: RR-004 | B8: 2026-05-29 | C8: AI Governance Update | D8: EU-AI-ACT-2025-HIGH-RISK | E8: EU AI Act High-Risk AI System classification — internal LLM applications may require conformity assessment | F8: AI/ML — Governance | G8: Internal LLM Applications | H8: GenAI Platform (AWS Bedrock) | I8: NIST AI RMF: GOVERN 1.1, MAP 1.5 | ISO 42001: 6.1.2 | EU AI Act: Article 9, Annex III | NIST 800-53: SA-11 | J8: AI Risk Governance | K8: 3 | L8: 5 | M8: =K8*L8 | N8: High | O8: High | P8: AI Governance program active; NIST AI RMF framework implemented; prompt injection controls deployed | Q8: Medium | R8: Conduct EU AI Act conformity assessment; document intended purpose and risk management system; prepare technical documentation per Article 11 | S8: N/A — AI Governance Framework | T8: Blaise Kingko | U8: Open | V8: 2026-07-01 | W8: 2026-05-29 | X8: Regulatory deadline risk. EU AI Act enforcement begins Aug 2026. High-risk classification triggers conformity assessment requirement.
A9: RR-005 | B9: 2026-05-29 | C9: US-CERT | D9: AA25-071A | E9: CISA Advisory — SVR cyber actors targeting cloud environments via misconfigured service accounts | F9: Cloud — Identity | G9: Cloud Service Accounts | H9: AWS / Azure Service Principals | I9: NIST CSF 2.0: PR.AA-01, DE.AE-02 | NIST 800-53: AC-6, AU-12 | ISO 27001: A.9.4.4 | CIS Control 4 | J9: AC — Access Control | K9: 4 | L9: 4 | M9: =K9*L9 | N9: High | O9: High | P9: SIEM monitoring active; CloudTrail enabled; anomaly detection in place | Q9: Medium | R9: Audit all service account permissions; rotate credentials; implement Just-In-Time access for privileged service accounts | S9: CIS Control 4.7 — Manage Default Accounts | T9: Blaise Kingko | U9: Open | V9: 2026-06-11 | W9: 2026-05-29 | X9: Nation-state TTPs. Aligns with existing SIEM architecture. Review CloudWatch anomaly alerts immediately.
A10: RR-006 | B10: 2026-06-08 | C10: AWS Security Bulletin | D10: 2026-030-AWS | E10: Linux Kernel "Copy.fail"/"DirtyFrag" privilege-escalation family (CVE-2026-46300, CVE-2026-31431, CVE-2026-43284, CVE-2026-43500) — local LPE in espintcp/algif_aead/xfrm_user/esp modules affecting AWS self-managed compute | F10: Cloud-Security | G10: NIST CSF 2.0 PR.PS-02/DE.CM-09 | NIST 800-53 SI-2/CM-2/CM-6/RA-5 | ISO 27001 A.8.8/A.8.9 | CIS Control 7/4 | H10: SI-2, CM-6, RA-5 | I10: 4 | J10: 4 | K10: 16 | L10: High | M10: High | N10: AWS-managed control planes patched; customer self-managed compute (EKS/EC2/Bottlerocket) requires manual node rotation | O10: Medium | P10: Roll EKS-optimized AMIs and Bottlerocket hosts to patched builds (Bottlerocket >= v1.61.0); confirm Fargate platform versions >= 2026-06-09; validate via CSPM scan for zero non-compliant kernels | Q10: Control 7 (7.4) / Control 4 | R10: Cloud Platform Engineering | S10: Open | T10: 2026-06-22 | U10: 2026-06-08 | V10: Shared-responsibility seam — AWS patches control plane only; full case bundle in Cloud-Security/2026-06-AWS-Bulletin-Linux-Kernel-CopyFail
A11: RR-007 | B11: 2026-06-08 | C11: Azure Security Update | D11: CVE-2026-48567 | E11: Azure HorizonDB Elevation of Privilege — authentication bypass by spoofing (CWE-290) in managed multi-tenant database control plane, CVSS 10.0 | F11: Cloud-Security | G11: NIST CSF 2.0 PR.AA-03/DE.CM-03/GV.SC-06 | NIST 800-53 IA-2/AC-3/SC-7/CA-7 | ISO 27001 A.5.15/A.8.5/A.5.23 | CIS Control 6/13 | H11: IA-2, AC-3, SC-7 | I11: 3 | J11: 5 | K11: 15 | L11: High | M11: Critical | N11: Microsoft platform-side patch pipeline (vendor-controlled); Entra ID conditional access as tenant-side compensating control | O11: Low | P11: Confirm Microsoft platform patch applied via Azure Service Health; audit HorizonDB auth logs 2026-05-28 to 2026-06-04 for spoofing indicators; enforce Entra ID-only authentication and Conditional Access MFA | Q11: Control 6 / Control 13 | R11: Cloud Security Architecture | S11: Open | T11: 2026-06-15 | U11: 2026-06-08 | V11: Vendor-side CVSS 10.0 flaw — verification & IAM hardening case; full bundle in Cloud-Security/2026-06-MSRC-Azure-HorizonDB
A12: RR-008 | B12: 2026-06-08 | C12: CISA KEV | D12: CVE-2026-45247 | E12: Mirasvit Full Page Cache Warmer (Magento/Adobe Commerce) — deserialization of untrusted data / PHP object injection enabling unauthenticated RCE, CVSS 9.8, actively exploited in the wild | F12: Cloud-Security | G12: NIST CSF 2.0 PR.PS-02/DE.CM-01/RS.AN-03 | NIST 800-53 SI-2/SI-3/SI-10/IR-4 | ISO 27001 A.8.8/A.8.28/A.8.16 | CIS Control 16/7/17 | PCI-DSS v4.0 Req 6.3.3/11.3 | H12: SI-2, SI-3, SI-10 | I12: 5 | J12: 5 | K12: 25 | L12: Critical | M12: Critical | N12: WAF signatures (Imperva) available as interim compensating control; PCI-mandated file-integrity monitoring may detect web-shell drops | O12: Low | P12: Update Mirasvit Full Page Cache Warmer to v1.11.12+ on all Magento 2/Adobe Commerce instances immediately (target 2026-06-10); conduct web-shell forensic sweep of pub/media, var/, app/code directories; engage PCI Forensic Investigator if IOCs found | Q12: Control 16 (16.13) / Control 7 | R12: Application Security / E-commerce Engineering | S12: Open — Expedited | T12: 2026-06-10 | U12: 2026-06-08 | V12: CISA federal due date 2026-06-06; active exploitation confirmed by Sansec/Imperva/SecurityWeek; full bundle in Cloud-Security/2026-06-CISA-KEV-Magento-Mirasvit
A13: RR-009 | B13: 2026-06-08 | C13: AI Governance Update | D13: Draft Guidelines — High-Risk AI Classification (Consultation closes 2026-06-23) | E13: European Commission draft guidance on classifying AI systems as "high-risk" under EU AI Act Annex III; enforcement infrastructure being stood up; high-risk obligation deadlines extended to Dec 2027 / Aug 2028 | F13: AI-Governance | G13: NIST AI RMF GOVERN/MAP (1.1, 5.1) | ISO 42001 Clauses 6.1.2/8.4/4.1 | EU AI Act Article 6/Annex III | GDPR Article 35 (DPIA overlap) | H13: GOVERN, MAP | I13: 3 | J13: 3 | K13: 9 | L13: Medium | M13: Medium-High | N13: Existing ISO 42001 risk-assessment processes (where implemented) and NIST AI RMF MAP practices provide a transferable methodology for classification | O13: Low | P13: Compile complete AI-system inventory mapped to EU-resident exposure; classify each system against draft Annex III criteria using ISO 42001 Clause 8.4 template; consider submitting consultation feedback before 2026-06-23; build combined NIST AI RMF/ISO 42001/EU AI Act/GDPR evidence template | Q13: N/A — Regulatory/Governance | R13: AI Governance Lead | S13: Open — Proactive | T13: 2026-09-08 | U13: 2026-06-08 | V13: 18-month runway to Dec 2027 milestone; full bundle in AI-Governance/2026-06-EU-AI-Act-HighRisk-Classification
A14: RR-010 | B14: 2026-06-08 | C14: CISA KEV | D14: CVE-2025-48595 | E14: Android Framework integer overflow (CWE-190) enabling local elevation of privilege; CVSS 8.4; Google confirms limited, targeted exploitation (spyware/nation-state pattern); affects Android 14/15/16/16-QPR2 | F14: IT-OT-Threats | G14: NIST CSF 2.0 PR.PS-02/DE.CM-09 | NIST 800-53 SI-2/CM-6 | ISO 27001 A.8.8 | CIS Control 4 (Mobile/BYOD) | H14: SI-2, CM-6 | I14: 4 | J14: 3 | K14: 12 | L14: High | M14: Medium | N14: MDM/UEM enforcement of OS patch-level baselines on managed devices; app-vetting controls limiting locally-installed untrusted apps | O14: Low | P14: Push June 2026 Android security patch level to all managed/BYOD devices via MDM/UEM within 7 days; flag any device failing to report patched build for conditional-access restriction | Q14: Control 4 | R14: Endpoint / Mobility Engineering | S14: Open | T14: 2026-06-15 | U14: 2026-06-08 | V14: Register entry only — mobile/endpoint scope did not meet full-bundle threshold (no direct AWS/IAM/CSPM/AI-platform nexus); monitor for KEV escalation

Sheet 📊 Risk Dashboard
B1: GRC INTELLIGENCE DASHBOARD — BLAISE KINGKO
B3: RISK SUMMARY | E3: RISKS BY SOURCE
B4: Total Risks Identified | C4: =COUNTA('🛡️ Risk Register'!A5:A500) | E4: CISA KEV | F4: =COUNTIF('🛡️ Risk Register'!C5:C500,"CISA KEV")
B5: Critical Risks | C5: =COUNTIF('🛡️ Risk Register'!N5:N500,"Critical") | E5: NIST NVD | F5: =COUNTIF('🛡️ Risk Register'!C5:C500,"NIST NVD")
B6: High Risks | C6: =COUNTIF('🛡️ Risk Register'!N5:N500,"High") | E6: US-CERT | F6: =COUNTIF('🛡️ Risk Register'!C5:C500,"US-CERT")
B7: Medium Risks | C7: =COUNTIF('🛡️ Risk Register'!N5:N500,"Medium") | E7: AWS Security Bulletin | F7: =COUNTIF('🛡️ Risk Register'!C5:C500,"AWS Security Bulletin")
B8: Low Risks | C8: =COUNTIF('🛡️ Risk Register'!N5:N500,"Low") | E8: Azure Security Update | F8: =COUNTIF('🛡️ Risk Register'!C5:C500,"Azure Security Update")
B9: Open Risks | C9: =COUNTIF('🛡️ Risk Register'!U5:U500,"Open") | E9: AI Governance Update | F9: =COUNTIF('🛡️ Risk Register'!C5:C500,"AI Governance Update")
B10: Mitigating | C10: =COUNTIF('🛡️ Risk Register'!U5:U500,"Mitigating") | E10: NIST Framework Update | F10: =COUNTIF('🛡️ Risk Register'!C5:C500,"NIST Framework Update")
B11: Closed This Period | C11: =COUNTIF('🛡️ Risk Register'!U5:U500,"Closed") | E11: ISO Update | F11: =COUNTIF('🛡️ Risk Register'!C5:C500,"ISO Update")
B12: AI/ML Risks | C12: =COUNTIFS('🛡️ Risk Register'!F5:F500,"AI/ML*") | E12: Internal Assessment | F12: =COUNTIF('🛡️ Risk Register'!C5:C500,"Internal Assessment")
B13: Cloud Risks | C13: =COUNTIFS('🛡️ Risk Register'!F5:F500,"Cloud*")
B14: OT/ICS Risks | C14: =COUNTIFS('🛡️ Risk Register'!F5:F500,"OT*")
B15: Past Due (Overdue) | C15: =COUNTIFS('🛡️ Risk Register'!V5:V500,"<"&TODAY(),'🛡️ Risk Register'!U5:U500,"Open")
B17: FRAMEWORK COVERAGE
B18: NIST CSF 2.0 | C18: =COUNTIF('🛡️ Risk Register'!I5:I500,"*NIST CSF*")
B19: NIST 800-53 | C19: =COUNTIF('🛡️ Risk Register'!I5:I500,"*800-53*")
B20: ISO 27001 | C20: =COUNTIF('🛡️ Risk Register'!I5:I500,"*ISO 27001*")
B21: CIS Controls | C21: =COUNTIF('🛡️ Risk Register'!I5:I500,"*CIS Control*")
B22: NIST AI RMF | C22: =COUNTIF('🛡️ Risk Register'!I5:I500,"*NIST AI RMF*")
B23: ISO 42001 | C23: =COUNTIF('🛡️ Risk Register'!I5:I500,"*ISO 42001*")
B24: EU AI Act | C24: =COUNTIF('🛡️ Risk Register'!I5:I500,"*EU AI Act*")

Sheet 🔥 Risk Heat Map
B1: RISK HEAT MAP — LIKELIHOOD vs IMPACT
A3: LIKELIHOOD ↓ | B3: IMPACT →
B4: 1 — Minimal | C4: 2 — Minor | D4: 3 — Moderate | E4: 4 — Major | F4: 5 — Catastrophic | H4: LEGEND
A5: 5 — Almost Certain | B5: 5 Medium | C5: 10 High | D5: 15 Critical | E5: 20 Critical | F5: 25 Critical | H5: Critical (Score 20-25)
A6: 4 — Likely | B6: 4 Low | C6: 8 Medium | D6: 12 High | E6: 16 Critical | F6: 20 Critical | H6: High (Score 10-19)
A7: 3 — Possible | B7: 3 Low | C7: 6 Medium | D7: 9 Medium | E7: 12 High | F7: 15 Critical | H7: Medium (Score 5-9)
A8: 2 — Unlikely | B8: 2 Low | C8: 4 Low | D8: 6 Medium | E8: 8 Medium | F8: 10 High | H8: Low (Score 1-4)
A9: 1 — Rare | B9: 1 Low | C9: 2 Low | D9: 3 Low | E9: 4 Low | F9: 5 Medium

Sheet 📡 Intel Sources
B1: INTELLIGENCE MONITORING SOURCES — BLAISE KINGKO GRC PROGRAM
B2: SOURCE | C2: URL / FEED | D2: CATEGORY | E2: FREQUENCY | F2: FRAMEWORK RELEVANCE
B3: CISA KEV | C3: https://www.cisa.gov/known-exploited-vulnerabilities-catalog | D3: Threat Intel | E3: Daily | F3: NIST CSF: DE.CM | NIST 800-53: RA-5, SI-2
B4: CISA Advisories | C4: https://www.cisa.gov/news-events/cybersecurity-advisories | D4: Threat Intel | E4: Weekly | F4: NIST CSF: DE.AE | NIST 800-53: IR-4, SI-5
B5: US-CERT Alerts | C5: https://www.cisa.gov/uscert/ncas/alerts | D5: Threat Intel | E5: Weekly | F5: NIST CSF: RS.CO | NIST 800-53: IR-6
B6: NIST NVD | C6: https://nvd.nist.gov/vuln/search | D6: Vulnerability | E6: Weekly | F6: NIST 800-53: RA-5 | CIS Control 7
B7: NIST 800-53 Updates | C7: https://csrc.nist.gov/publications/detail/sp/800-53/rev-5/final | D7: Framework | E7: Quarterly | F7: NIST 800-53 all control families
B8: NIST CSF 2.0 Updates | C8: https://www.nist.gov/cyberframework | D8: Framework | E8: Quarterly | F8: NIST CSF 2.0 all functions
B9: NIST AI RMF Updates | C9: https://www.nist.gov/artificial-intelligence | D9: AI Governance | E9: Monthly | F9: NIST AI RMF: GOVERN, MAP, MEASURE, MANAGE
B10: ISO 27001 Updates | C10: https://www.iso.org/standard/27001 | D10: Framework | E10: Annual | F10: ISO 27001 all clauses and Annex A
B11: ISO 42001 Updates | C11: https://www.iso.org/standard/81230.html | D11: AI Governance | E11: Annual | F11: ISO 42001 all clauses
B12: EU AI Act | C12: https://artificialintelligenceact.eu | D12: AI Governance / Regulatory | E12: Monthly | F12: EU AI Act Articles 9, 10, 11, 13, 17
B13: AWS Security Bulletins | C13: https://aws.amazon.com/security/security-bulletins/ | D13: Cloud Security | E13: Weekly | F13: NIST 800-53: SI-2 | CIS Control 7 | CSF: PR.PS
... B17: MITRE ATLAS (AI) | C17: https://atlas.mitre.org | D17: AI Threat Intel | E17: Monthly | F17: NIST AI RMF: MAP 5 | ISO 42001: 6.1.2
